label,exp_no,condition,session_no,group_no,group_id,payoff,is_coop,decision_time,is_partner_coop,is_first_mover,partner_decision_time
7b0bf99e5169b434781ecd3715aa8b8c,2,RT,1,2,RT_1_2,150.0,True,3.787,True,False,1.9530000000000003
20a9d508de32c7dda9999c253b60eacf,2,RT,1,7,RT_1_7,100.0,False,13.937,False,True,17.188000000000002
edc64be7febb3aaf1c339cf4cc391caf,2,RT,1,3,RT_1_3,150.0,True,2.26,True,True,3.862
960d6617f3e57198fc741348fcd2def3,2,RT,1,4,RT_1_4,150.0,True,8.138,True,False,5.904999999999999
829d2c62c4f104cd21e859e477f17970,2,RT,1,5,RT_1_5,150.0,True,14.123,True,False,8.685
02f5a1cb8b42e052fe057e6df00e3a1d,2,RT,1,3,RT_1_3,150.0,True,3.862,True,False,2.26
7d59b0370b00a03fec9e9eb4d625b9cb,2,RT,1,2,RT_1_2,150.0,True,1.953,True,True,3.787
1dc6dcc387ce1273a00f0da70832da6e,2,RT,1,46,RT_1_46,150.0,True,121.331,True,False,11.049999999999997
d40947a45f115a397cd14cff2acc4e5e,2,RT,1,6,RT_1_6,150.0,True,2.205,True,True,6.154
7ef1fb45566ef882999e7318d090c238,2,RT,1,9,RT_1_9,150.0,True,3.375,True,True,4.635
a029bc127e846009e260d114cceee675,2,RT,1,5,RT_1_5,150.0,True,8.685,True,True,14.123
add04f46f250289e30b1eb43d21dc421,2,RT,1,4,RT_1_4,150.0,True,5.905,True,True,8.137999999999998
6a851d523e59bb9d65189cc9dd8a0b1d,2,RT,1,8,RT_1_8,150.0,True,39.73,True,True,43.189
901e8c94d970a863d171f72f5dcf7a6b,2,RT,1,24,RT_1_24,100.0,False,59.592,False,True,69.24
4bdbff987ed097742833fa2185e615dd,2,RT,1,15,RT_1_15,150.0,True,18.368,True,True,20.103999999999996
035470399e20c4abac4c154be625a6e7,2,RT,1,10,RT_1_10,50.0,True,3.075,False,True,8.906000000000002
50bee5a9bf80450de310b6658f9aada8,2,RT,1,9,RT_1_9,150.0,True,4.635,True,False,3.375
b0e6c0a9f388d4acf29596f35df5ce64,2,RT,1,15,RT_1_15,150.0,True,20.104,True,False,18.367999999999995
d93583f68a7e50fa7e525c343bd9fdc0,2,RT,1,16,RT_1_16,150.0,True,31.927,True,True,34.34499999999999
9987d2d38a54d8e2545f00af5526a2ae,2,RT,1,17,RT_1_17,150.0,True,23.797,True,True,27.929
d5c73ea858523a92524990e7c7a6707c,2,RT,1,38,RT_1_38,100.0,False,7.01,False,False,2.008000000000001
44d2b242aa135e4b69d535e3db5597cc,2,RT,1,13,RT_1_13,150.0,True,3.694,True,False,2.718
f0cde614238deddb956c6bb3f8e5be97,2,RT,1,14,RT_1_14,150.0,True,4.794,True,False,2.303
f37604665a55b7b7bf19034fff762d3e,2,RT,1,23,RT_1_23,150.0,True,7.296,True,True,8.565000000000001
96236c4e24057bb24cfaca059ddd69ca,2,RT,1,27,RT_1_27,150.0,True,1.545,True,True,3.7829999999999995
d16797c96b30943dc68478f9d1455e97,2,RT,1,24,RT_1_24,100.0,False,69.24,False,False,59.592
3c26157fbda50690e5a644ecaed58e33,2,RT,1,17,RT_1_17,150.0,True,27.929,True,False,23.797
fe2570879112373a4b706551e0b4ecd0,2,RT,1,22,RT_1_22,150.0,True,41.548,True,False,40.507000000000005
a6f04ff040a0b3cc886c492685b62814,2,RT,1,7,RT_1_7,100.0,False,17.188,False,False,13.937000000000001
64373f9f25a4550ef70047af05fd569d,2,RT,1,8,RT_1_8,150.0,True,43.189,True,False,39.73
065f7857a0a810201e1cd66b82e1f154,2,RT,1,6,RT_1_6,150.0,True,6.154,True,False,2.205
4c454078e1a41207b6f2892a44afd2ab,2,RT,1,10,RT_1_10,200.0,False,8.906,True,False,3.075000000000001
80101a33ea36369df4bd70f4653fbfca,2,RT,1,18,RT_1_18,100.0,False,52.936,False,True,54.98499999999999
8a1a14ee5e6dfb91e850018e6f1acd96,2,RT,1,20,RT_1_20,150.0,True,1.648,True,True,2.6580000000000004
525e336edf271878df4fcb62daf9cec5,2,RT,1,19,RT_1_19,150.0,True,15.124,True,True,17.772
e96631e34c20723710d093f7f2c46e9b,2,RT,1,13,RT_1_13,150.0,True,2.718,True,True,3.694
eecd566c65c933089f59e8feb3edcd92,2,RT,1,38,RT_1_38,100.0,False,2.008,False,True,7.010000000000001
93b1d21f943c70c3f576b3a42efae741,2,RT,1,16,RT_1_16,150.0,True,34.345,True,False,31.926999999999992
13dde944478fa8959209ce77c69a2e24,2,RT,1,18,RT_1_18,100.0,False,54.985,False,False,52.93599999999999
67e39569d6908a8bbc5faa4d3b636267,2,RT,1,21,RT_1_21,150.0,True,19.963,True,True,22.360999999999997
42cd3d991710e5c842469ea3ff871c87,2,RT,1,11,RT_1_11,150.0,True,2.341,True,False,1.101
f9a3acd3c4554dc8fc305eab5738c331,2,RT,1,14,RT_1_14,150.0,True,2.303,True,True,4.794
932fdc769d7656efd54b23b60e32a27b,2,RT,1,11,RT_1_11,150.0,True,1.101,True,True,2.341
d327de590edc7f5a47ef3b79becedcd2,2,RT,1,19,RT_1_19,150.0,True,17.772,True,False,15.124000000000002
1c26a14365b8370e83a1175be9db9b6c,2,RT,1,25,RT_1_25,100.0,False,5.072,False,False,2.3
0c62ba6f1c210179f456a39940f5c697,2,RT,1,20,RT_1_20,150.0,True,2.658,True,False,1.6480000000000001
9a550f63a716485491277abe691fa4f1,2,RT,1,33,RT_1_33,100.0,False,1.496,False,True,4.642999999999999
be54b7afa65ec61e451ca8466cb26421,2,RT,1,26,RT_1_26,150.0,True,2.21,True,True,5.103
b69390b548e1e52e6584acbc36000110,2,RT,1,12,RT_1_12,150.0,True,12.447,True,False,7.663
fa98f3c50429eb83aead33ed3d69faf6,2,RT,1,12,RT_1_12,150.0,True,7.663,True,True,12.447
8a8508ee44701582e61d2bcd0b7645ae,2,RT,1,23,RT_1_23,150.0,True,8.565,True,False,7.296000000000001
4d8c7f1460b7748cd4d04d33d280ce42,2,RT,1,43,RT_1_43,150.0,True,5.289,True,True,7.604000000000001
5f4cbaea2ec2c22d968e59a01202fa0a,2,RT,1,21,RT_1_21,150.0,True,22.361,True,False,19.962999999999997
806ce896a928651fd48e54c71fa0b709,2,RT,1,22,RT_1_22,150.0,True,40.507,True,True,41.54800000000001
503de2d41abec054b6067b47d8e26469,2,RT,1,32,RT_1_32,150.0,True,4.21,True,False,1.3040000000000003
deaa9024caa525172bf8bea181100a9b,2,RT,1,30,RT_1_30,50.0,True,5.332,False,True,49.036
a1ae3e5d983367af012f96a944245f47,2,RT,1,49,RT_1_49,150.0,True,4.859,True,True,7.945
5db2fa40ceead1dbc43803283e9bb6f8,2,RT,1,35,RT_1_35,150.0,True,4.192,True,True,10.011
a753512de2153edf33aae0d93e9174d7,2,RT,1,47,RT_1_47,100.0,False,2.31,False,True,9.287
9d350a192cf159136f7821631513a9e8,2,RT,1,34,RT_1_34,100.0,False,15.416,False,True,18.151
29bc90d0462595a2671948872582271f,2,RT,1,31,RT_1_31,150.0,True,7.511,True,True,7.5360000000000005
0bdc19df88e83ddb8fb3e21b637229de,2,RT,1,43,RT_1_43,150.0,True,7.604,True,False,5.289000000000001
e4a9cc635ae0e6afebedfe80c636f6c4,2,RT,1,37,RT_1_37,100.0,False,59.626,False,True,61.07800000000001
deed3b93f78731587c9d748c4fca8af1,2,RT,1,26,RT_1_26,150.0,True,5.103,True,False,2.21
c311caddac82213b29f9a725e7d6f08f,2,RT,1,44,RT_1_44,150.0,True,1.93,True,True,10.692
6fe8a7fd501e4523ea2421fd553419d8,2,RT,1,49,RT_1_49,150.0,True,7.945,True,False,4.859
d6aab30b4a6388cbcffa70227c045a57,2,RT,1,41,RT_1_41,50.0,True,5.08,False,True,9.131
1c7de0c8dbdcca415f5bec7ccd65c10d,2,RT,1,29,RT_1_29,150.0,True,5.032,True,False,3.378
c2210aeda1b7a3148b4ad2c30d203136,2,RT,1,40,RT_1_40,150.0,True,4.599,True,False,1.197
a6b8898a66a51559acc9ab58639de953,2,RT,1,35,RT_1_35,150.0,True,10.011,True,False,4.192
de92f913728a0c2d96c71d7c6581631b,2,RT,1,28,RT_1_28,200.0,False,8.873,True,False,1.5429999999999993
a83b727a07819c4c6017d28d175f671d,2,RT,1,47,RT_1_47,100.0,False,9.287,False,False,2.3100000000000005
7469b8918e231aabd65c4dc7f1cc75e5,2,RT,1,39,RT_1_39,150.0,True,13.173,True,False,10.664
4fa9c1d8cc046fe97d112fe96c6fb019,2,RT,1,29,RT_1_29,150.0,True,3.378,True,True,5.032
00bb31c3eec021c2b63c932c3184b5a5,2,RT,1,42,RT_1_42,150.0,True,18.681,True,True,21.142
9cd0fb864204f1a4f15d206020bf7de1,2,RT,1,31,RT_1_31,150.0,True,7.536,True,False,7.511000000000001
70394ea28fb2fb1d426700a384bfb1a3,2,RT,1,32,RT_1_32,150.0,True,1.304,True,True,4.21
883725096e507728cbfe193562b35d87,2,RT,1,46,RT_1_46,150.0,True,11.05,True,True,121.331
8cc9078e1ae176e8ad52b9b36506b983,2,RT,1,30,RT_1_30,200.0,False,49.036,True,False,5.332000000000001
7ebf8d21ef383a9b05bd9717ce146b44,2,RT,1,42,RT_1_42,150.0,True,21.142,True,False,18.681
592722a1ab1ce837ec51d25f9459b21e,2,RT,1,27,RT_1_27,150.0,True,3.783,True,False,1.5449999999999995
261deee7446c27a5d345d8ea68d331cf,2,RT,1,37,RT_1_37,100.0,False,61.078,False,False,59.626000000000005
fdab466ed983ee710195312fdd36dbbd,2,RT,1,39,RT_1_39,150.0,True,10.664,True,True,13.173
b475d68c0cccee32a7a38724226048b8,2,RT,1,45,RT_1_45,100.0,False,17.595,False,False,8.96
3412e733ac2f8f1281c5c72fd2e92852,2,RT,1,25,RT_1_25,100.0,False,2.3,False,True,5.072
1389ee15de28d05541eff9b99ffe03c8,2,RT,1,28,RT_1_28,50.0,True,1.543,False,True,8.873
5280175904439918b295dd1c5e268334,2,RT,1,33,RT_1_33,100.0,False,4.643,False,False,1.4959999999999996
ff803f6b29e7c85715816952c637f430,2,RT,1,36,RT_1_36,150.0,True,4.485,True,False,2.2510000000000003
ed0a354936519f5ae3d24e9e2f733d50,2,RT,1,44,RT_1_44,150.0,True,10.692,True,False,1.9299999999999997
85e1324d55dcd7742488ccce7a19ca79,2,RT,1,34,RT_1_34,100.0,False,18.151,False,False,15.416
55e6b08afd4917ad22e9b4393a16731c,2,RT,1,41,RT_1_41,200.0,False,9.131,True,False,5.08
9651d645cb8ef20bf6f01212a1162ca7,2,RT,1,36,RT_1_36,150.0,True,2.251,True,True,4.485000000000001
a47d2f45fd41d02a7512edbfa9be6497,2,RT,1,40,RT_1_40,150.0,True,1.197,True,True,4.599
7c3c8472980e7f63dfa6af942b4e7f2c,2,RT,1,45,RT_1_45,100.0,False,8.96,False,True,17.595
d8a20840150b3aa38afb99904438e0ea,2,RT,1,48,RT_1_48,100.0,False,51.457,False,True,56.99999999999999
a8b22e8782f70ec574230155c3ad99e8,2,RT,1,48,RT_1_48,100.0,False,57.0,False,False,51.456999999999994
462c32ad4b2e4ac93411b58514eba8a5,2,RT,2,2,RT_2_2,100.0,False,4.233,False,True,10.503999999999998
86d53d8fe44095dea64ab2615828627c,2,RT,2,2,RT_2_2,100.0,False,10.504,False,False,4.232999999999999
f6c3e78f6fd1a35ab8de862605941061,2,RT,2,23,RT_2_23,150.0,True,6.128,True,False,2.152000000000001
24c7b64a2912d1896082ee6efb9f939a,2,RT,2,3,RT_2_3,150.0,True,4.089,True,True,5.708
bd559945c030acb24c3c4c221912640d,2,RT,2,29,RT_2_29,100.0,False,11.741,False,False,8.779
6658eb18dd05f0524cdab705b0a664b5,2,RT,2,3,RT_2_3,150.0,True,5.708,True,False,4.089
7469c72e56d7d95eb17b29b1f4b968e5,2,RT,2,13,RT_2_13,100.0,False,7.785,False,True,12.102
44efbb003b434c692b9903b2664f0b71,2,RT,2,28,RT_2_28,150.0,True,1.879,True,True,3.9730000000000003
20e790804f0ab17860bd65646413c447,2,RT,2,10,RT_2_10,150.0,True,15.812,True,False,14.157000000000002
1076e730c6f88d4b3771576fa0325a54,2,RT,2,22,RT_2_22,150.0,True,3.155,True,True,6.1850000000000005
aa61aba2f751e81d61a40bd12cdac490,2,RT,2,24,RT_2_24,100.0,False,43.09,False,False,36.349999999999994
c7f10347d7631c1236fde726c01f51e6,2,RT,2,26,RT_2_26,100.0,False,6.047,False,False,2.6190000000000007
39d09ad654935693833e926dd235e199,2,RT,2,32,RT_2_32,150.0,True,3.702,True,False,1.4539999999999997
cad84d66ae58f9d90cad3527a0a94a57,2,RT,2,8,RT_2_8,100.0,False,50.73,False,True,52.562000000000005
fc473de5545d2d7a902f6c7d049d59c9,2,RT,2,12,RT_2_12,100.0,False,23.402,False,False,20.39
e59e1e12661e0fe1ffd6d7dc7bdef927,2,RT,2,5,RT_2_5,100.0,False,57.39,False,False,55.31400000000001
f0374176c47b7de7f947f849d5c12bfa,2,RT,2,16,RT_2_16,150.0,True,14.207,True,True,20.235999999999997
861ebf8dd347d332b571fd8ad334d84a,2,RT,2,9,RT_2_9,150.0,True,1.934,True,True,7.733
2d298fcd1ee327d318fdb38f1ea686c8,2,RT,2,7,RT_2_7,100.0,False,58.397,False,True,59.117
3bd580137d23609337363fab54d0ded4,2,RT,2,27,RT_2_27,100.0,False,4.142,False,True,5.792000000000001
6a87c185f15cdb17249021b5066fbdf5,2,RT,2,21,RT_2_21,100.0,False,16.411,False,False,1.7899999999999991
5ca0ede38160ce833fbcc4d54fb55479,2,RT,2,15,RT_2_15,150.0,True,34.327,True,False,31.269000000000005
48628a48304d5d95796db6a5f55839f5,2,RT,2,4,RT_2_4,150.0,True,0.918,True,True,7.999999999999999
aa5f2ce37dbe8783569d915e0df1d0ba,2,RT,2,8,RT_2_8,100.0,False,52.562,False,False,50.730000000000004
fcab75258f453bc4abcaf19415d248c5,2,RT,2,24,RT_2_24,100.0,False,36.35,False,True,43.089999999999996
d41ce42775ce086f4e54b1c7ea10e3b3,2,RT,2,26,RT_2_26,100.0,False,2.619,False,True,6.047000000000001
f604426dbf03690d70359e9e6cf23914,2,RT,2,17,RT_2_17,100.0,False,58.481,False,True,63.251
4b5b82be45a607217db09cd0492e2654,2,RT,2,4,RT_2_4,150.0,True,8.0,True,False,0.9179999999999993
50d4376887506b5ccb467438571b2c87,2,RT,2,6,RT_2_6,150.0,True,5.286,True,False,2.487
69376e4ad56875ff5188d5919ec00273,2,RT,2,5,RT_2_5,100.0,False,55.314,False,True,57.39000000000001
5b9930d9d0131f01ae23d20ecb530239,2,RT,2,25,RT_2_25,150.0,True,15.652,True,False,9.557
98b73c42b6a873651b3246fb28c3bca6,2,RT,2,7,RT_2_7,100.0,False,59.117,False,False,58.397
58ea040955ed0eb91b09b280b5b347fa,2,RT,2,20,RT_2_20,150.0,True,1.842,True,True,4.715999999999999
d144bcfc33f7c8957319f32a8e568264,2,RT,2,6,RT_2_6,150.0,True,2.487,True,True,5.286
ff722d633a3bd3b8592d3952bba7cb14,2,RT,2,22,RT_2_22,150.0,True,6.185,True,False,3.1550000000000002
aa4c0edb6710c106b98e763ab9b3df4e,2,RT,2,11,RT_2_11,150.0,True,20.759,True,False,14.451999999999998
7a25031e8a8c355170640ee5382429cb,2,RT,2,12,RT_2_12,100.0,False,20.39,False,True,23.402
c49bce4e812a3efdde324e20e27a97ab,2,RT,2,19,RT_2_19,150.0,True,5.825,True,False,1.3769999999999998
ac84d984043e5c98ff7dcb404b045f86,2,RT,2,17,RT_2_17,100.0,False,63.251,False,False,58.481
a3858496c5629347411ab2d6461ddb9e,2,RT,2,29,RT_2_29,100.0,False,8.779,False,True,11.741
a925f8576fce022401fe247417f5e974,2,RT,2,31,RT_2_31,100.0,False,40.671,False,True,45.106
97a3dbe077967513ff98e857b7513bb0,2,RT,2,25,RT_2_25,150.0,True,9.557,True,True,15.652
1340fec81c6a2252ef5c44660d075751,2,RT,2,14,RT_2_14,150.0,True,5.594,True,False,3.2009999999999996
b58e9f96bb6eed60a90e1cd409b3352e,2,RT,2,9,RT_2_9,150.0,True,7.733,True,False,1.9340000000000002
5a0b4fcea7f9649ffdfc6ef2080beca3,2,RT,2,18,RT_2_18,150.0,True,18.98,True,False,17.206999999999997
8877ea7980de561a6b279d98e93818c0,2,RT,2,18,RT_2_18,150.0,True,17.207,True,True,18.979999999999997
a9665a9eb80f7e3085fa44b1a87b59be,2,RT,2,30,RT_2_30,150.0,True,6.891,True,False,2.1560000000000006
e0e9fb0c579412f87ee64001e9d085e3,2,RT,2,10,RT_2_10,150.0,True,14.157,True,True,15.812000000000001
64ac78c9266c25e05df1c03612a912e7,2,RT,2,13,RT_2_13,100.0,False,12.102,False,False,7.785
86c85dec3f077eca066dcbf7de7ebcea,2,RT,2,16,RT_2_16,150.0,True,20.236,True,False,14.206999999999997
a86dac1a3ffea814320e2839b3676353,2,RT,2,14,RT_2_14,150.0,True,3.201,True,True,5.593999999999999
0f6d33f4b571620abbdfbe2465512568,2,RT,2,28,RT_2_28,150.0,True,3.973,True,False,1.8790000000000004
4eb14819a46c3593d566b0c1ec633d83,2,RT,2,21,RT_2_21,100.0,False,1.79,False,True,16.411
5447f4a96375e338d8d54c23c112433e,2,RT,2,27,RT_2_27,100.0,False,5.792,False,False,4.142000000000001
3f4ef8c947165780ffe2523894e2d0f3,2,RT,2,23,RT_2_23,150.0,True,2.152,True,True,6.128000000000001
d9cb0d64f03b64ed64acca2f596e3fec,2,RT,2,15,RT_2_15,150.0,True,31.269,True,True,34.327000000000005
5beebfe70e98b9fc1926f5f157f4c2b6,2,RT,2,30,RT_2_30,150.0,True,2.156,True,True,6.891
08f49b8f228002c3de84b8d14147df55,2,RT,2,40,RT_2_40,150.0,True,2.118,True,True,9.031
f8c7009a26aaf853cf108a7382e207ca,2,RT,2,19,RT_2_19,150.0,True,1.377,True,True,5.825
c87633585835c45b0592526713aad737,2,RT,2,20,RT_2_20,150.0,True,4.716,True,False,1.8419999999999996
91c085cc741ef6d45813fb396cffa23b,2,RT,2,11,RT_2_11,150.0,True,14.452,True,True,20.759
853789b87a9de5a5a2f61787fccc1029,2,RT,2,51,RT_2_51,100.0,False,16.445,False,False,2.2349999999999994
b9167445bfdd8d51f23fa7008043e534,2,RT,2,33,RT_2_33,150.0,True,6.974,True,False,4.881
0227c4351c8129da0390cc4587869b97,2,RT,2,31,RT_2_31,100.0,False,45.106,False,False,40.671
d38382b1d27a72c93e7bd15fb401c2f0,2,RT,2,33,RT_2_33,150.0,True,4.881,True,True,6.974
f247fec91642631ac37990dc989f5e06,2,RT,2,46,RT_2_46,150.0,True,2.952,True,True,8.395
10dba5f6cbc4081a7951d62224de1959,2,RT,2,42,RT_2_42,150.0,True,5.159,True,False,4.0089999999999995
e17369edd5455547da2f415123fa085b,2,RT,2,47,RT_2_47,150.0,True,9.711,True,False,6.337999999999999
d7af8415501a4480f27abf1cda18431d,2,RT,2,38,RT_2_38,150.0,True,6.806,True,True,10.068999999999999
94dda8753bd3a4056f95218454762bef,2,RT,2,45,RT_2_45,150.0,True,5.369,True,False,3.6400000000000006
4f118aea6d5f89bd380c400dcd22b4e3,2,RT,2,35,RT_2_35,150.0,True,7.116,True,True,10.823999999999998
bb52dfce43668064b06cd50dda3b345e,2,RT,2,35,RT_2_35,150.0,True,10.824,True,False,7.115999999999998
9586f3f710efc3ba1d0155e79d3d335c,2,RT,2,36,RT_2_36,100.0,False,2.496,False,True,6.718
42b7f5afa016bd645a5531e12e36cd5b,2,RT,2,44,RT_2_44,100.0,False,4.143,False,False,2.1030000000000006
9f8f70400b92aabe25af07bb347f0299,2,RT,2,48,RT_2_48,100.0,False,4.85,False,True,9.717
1fe87bdcbaedfe593da7731c59d749b5,2,RT,2,36,RT_2_36,100.0,False,6.718,False,False,2.4960000000000004
1f52aed61ed6ee1cf298143ba863e86d,2,RT,2,39,RT_2_39,100.0,False,65.397,False,False,58.842
88f563438a77333ce8e54097a2b0c942,2,RT,2,43,RT_2_43,150.0,True,4.374,True,False,2.8020000000000005
31628757efd6b73fc75a9755dd5dcdd5,2,RT,2,48,RT_2_48,100.0,False,9.717,False,False,4.85
35a14a313ce58af4c6a12589e4cc8614,2,RT,2,39,RT_2_39,100.0,False,58.842,False,True,65.397
0c8782c76a1ef56fb5854b495f73bf73,2,RT,2,42,RT_2_42,150.0,True,4.009,True,True,5.158999999999999
27f8cabf9ebce3fb19cc7dc2c5fc124c,2,RT,2,43,RT_2_43,150.0,True,2.802,True,True,4.3740000000000006
0b58ef39e4fd27dfb57bd3f0d335f712,2,RT,2,47,RT_2_47,150.0,True,6.338,True,True,9.710999999999999
914478db0ec43af48c5df7b65c658e98,2,RT,2,44,RT_2_44,100.0,False,2.103,False,True,4.143000000000001
5a2c6c04f0e26751844969ab976e0a7a,2,RT,2,38,RT_2_38,150.0,True,10.069,True,False,6.805999999999999
92452d9ac75b4213aa7b444ab7bd0a66,2,RT,2,40,RT_2_40,150.0,True,9.031,True,False,2.1180000000000003
7f8595c5bbc596a1b5cb2523434728f6,2,RT,2,46,RT_2_46,150.0,True,8.395,True,False,2.952
41d00fab5a1dbeb351e91bc6a0240b27,2,RT,2,41,RT_2_41,150.0,True,4.346,True,False,2.867
dab6f95b603f6827c172c5a014467cbb,2,RT,2,45,RT_2_45,150.0,True,3.64,True,True,5.369
51270b3cf56a1f65770c32345aea704b,2,RT,2,32,RT_2_32,150.0,True,1.454,True,True,3.702
eb725d48e21b2325090df07c477ae803,2,RT,2,41,RT_2_41,150.0,True,2.867,True,True,4.346
aabaec288365e8e3c11561ce24466418,2,RT,2,49,RT_2_49,100.0,False,4.14,False,True,7.288000000000001
e3f73ffd325c1ce6ae4db3b34023c577,2,RT,2,49,RT_2_49,100.0,False,7.288,False,False,4.140000000000001
94f860a0810c0ba6e1adb552a7294d65,2,RT,2,51,RT_2_51,100.0,False,2.235,False,True,16.445
0b4cd31ea7723b8f6874f29101409e80,2,SQ,1,8,SQ_1_8,150.0,True,4.271,True,False,3.3579999999999997
45fb0ae89511a861e79c28d006080fdc,2,SQ,1,4,SQ_1_4,100.0,False,7.256,False,False,5.224
25f32f57d154ec61956cf101c2edf806,2,SQ,1,34,SQ_1_34,200.0,False,3.886,True,False,3.019
876281ead0f2202ba7713088bec35383,2,SQ,1,3,SQ_1_3,150.0,True,2.027,True,False,1.4930000000000003
959062c89e0c8c5b4f0a42b3e4ac5a79,2,SQ,1,2,SQ_1_2,150.0,True,1.627,True,True,8.612
176f760ff7c698cbf90cfdbcb3f11634,2,SQ,1,6,SQ_1_6,100.0,False,17.67,False,True,2.9570000000000007
f3648d356b61a711700560b5c326a13a,2,SQ,1,9,SQ_1_9,150.0,True,1.362,True,True,10.643
30d9574f2689e56e7a15f02205c648cc,2,SQ,1,25,SQ_1_25,100.0,False,1.608,False,True,3.007
99e7b6ad42d1f8ad75c13042dc2cb36c,2,SQ,1,7,SQ_1_7,150.0,True,1.167,True,True,3.5010000000000003
15ce25f95f767b198e7ec3f27c3887c1,2,SQ,1,41,SQ_1_41,150.0,True,35.09,True,True,3.561
842bb5e2f05cc4d3186820332364b221,2,SQ,1,2,SQ_1_2,150.0,True,8.612,True,False,1.6270000000000007
61e1889116102c10fbd22116c8f8f557,2,SQ,1,15,SQ_1_15,150.0,True,4.631,True,False,4.521000000000001
9638ef333ce1193d4b08c74f8321e99b,2,SQ,1,8,SQ_1_8,150.0,True,3.358,True,True,4.270999999999999
1a9ff091e6491749896769b3ac10d60f,2,SQ,1,23,SQ_1_23,200.0,False,4.382,True,False,1.0519999999999996
40d9e4a4ab9e4927a130c5cfc2e15b5e,2,SQ,1,25,SQ_1_25,100.0,False,3.007,False,False,1.608
a3a5a10a1bb18dae3abbe6b01ef4e968,2,SQ,1,22,SQ_1_22,150.0,True,6.946,True,False,5.401
dd6f6a09372412b4846157475db2a83a,2,SQ,1,13,SQ_1_13,100.0,False,9.767,False,False,1.629999999999999
38cc0d14f773f5ee0a380275ebc8be97,2,SQ,1,20,SQ_1_20,150.0,True,5.615,True,True,19.631
6146599eba74356757eb424fa7a6f407,2,SQ,1,4,SQ_1_4,100.0,False,5.224,False,True,7.256
138fa5c13c5beaec2c2fd7e50022b737,2,SQ,1,48,SQ_1_48,200.0,False,8.646,True,False,0.8900000000000006
0979c16b801379a13b8a02e8ded118fe,2,SQ,1,6,SQ_1_6,100.0,False,2.957,False,False,17.67
13f971fdee7de9fc9373ddd6a1dea17d,2,SQ,1,7,SQ_1_7,150.0,True,3.501,True,False,1.1670000000000003
39244ff94723de31448ca211c7270d08,2,SQ,1,10,SQ_1_10,150.0,True,1.316,True,True,3.4300000000000006
dfcd5e5be6dbff8d519dcd0059925555,2,SQ,1,36,SQ_1_36,50.0,True,12.19,False,False,3.1820000000000004
0a8e9fae9ca54b5dd31c6ad20eb8e1b2,2,SQ,1,12,SQ_1_12,100.0,False,3.433,False,True,3.215
e62ba2b4ddd12fe9452d3146f3c84467,2,SQ,1,44,SQ_1_44,150.0,True,4.421,True,True,7.393
13fe0fa81e636f8b8b60d22007125496,2,SQ,1,15,SQ_1_15,150.0,True,4.521,True,True,4.631000000000001
5f1ec56055e6095ed23b23196a44f79a,2,SQ,1,14,SQ_1_14,150.0,True,1.648,True,True,4.558
95d98b204ac54b908b8afa7ab9f9785c,2,SQ,1,17,SQ_1_17,50.0,True,1.377,False,True,2.284
bf77aeec6c7c93f1189fb6a38ae51a8b,2,SQ,1,9,SQ_1_9,150.0,True,10.643,True,False,1.362
3f69a82339b4ea101d7b71e4ce98b493,2,SQ,1,32,SQ_1_32,150.0,True,3.603,True,True,5.216000000000001
a1c28c01580b722830e7a0c07808f0ff,2,SQ,1,5,SQ_1_5,150.0,True,3.062,True,True,2.4359999999999995
f55de8b260db3d2c4eb92ed0bc08ba2d,2,SQ,1,10,SQ_1_10,150.0,True,3.43,True,False,1.3160000000000003
e91f00b3dbeb1f7be1f93898a0df885b,2,SQ,1,3,SQ_1_3,150.0,True,1.493,True,True,2.027
0067c6f60bd953e042e4439e4654ac03,2,SQ,1,44,SQ_1_44,150.0,True,7.393,True,False,4.421
dbe13e6740eb46d4dbc901c5976eaed8,2,SQ,1,11,SQ_1_11,50.0,True,3.361,False,True,16.299
bfb41d208c66d08168149a8017eddd86,2,SQ,1,21,SQ_1_21,100.0,False,3.001,False,True,4.473000000000001
8bd136ec1a39bd2357951fa5305466e7,2,SQ,1,18,SQ_1_18,150.0,True,2.05,True,True,4.994
c10c5a4cad475599a6b07bbfa5f07095,2,SQ,1,5,SQ_1_5,150.0,True,2.436,True,False,3.0619999999999994
84845ccc5147712c21e82e3900ae0e90,2,SQ,1,34,SQ_1_34,50.0,True,3.019,False,True,3.886
ad0d5623fa719053a0a72aa09bdb7aa2,2,SQ,1,11,SQ_1_11,200.0,False,16.299,True,False,3.3610000000000007
750f080afb25e1e6a76bd9ae7917b976,2,SQ,1,45,SQ_1_45,150.0,True,8.008,True,False,3.7490000000000006
0200bf7ebef1b36febe919320faba659,2,SQ,1,21,SQ_1_21,100.0,False,4.473,False,False,3.0010000000000003
c589376c17b6283c6adbbfa2553a53da,2,SQ,1,48,SQ_1_48,50.0,True,0.89,False,True,8.646
8913cb44e896fc6d9d8f8f94caba2161,2,SQ,1,12,SQ_1_12,100.0,False,3.215,False,False,3.433
bbd034e18cd0f54988ce4064acbcdcd4,2,SQ,1,36,SQ_1_36,200.0,False,3.182,True,True,12.19
8d9a1fbb96b9271d7d6bc686ab955b54,2,SQ,1,37,SQ_1_37,100.0,False,6.775,False,False,2.1980000000000004
22e3fcd6be2e0dc5f0bb64d3f40f0042,2,SQ,1,20,SQ_1_20,150.0,True,19.631,True,False,5.615000000000002
372a061b497ddf88c260780864300b57,2,SQ,1,18,SQ_1_18,150.0,True,4.994,True,False,2.05
6b40d6690ed09f033294ab63c2628cb4,2,SQ,1,16,SQ_1_16,150.0,True,3.145,True,True,17.414
31d3ae6dad87200e47300c54603eb2a8,2,SQ,1,38,SQ_1_38,50.0,True,2.341,False,True,12.158999999999999
1ed86b20b29e13e4b0ba9d3ba4e6873c,2,SQ,1,27,SQ_1_27,100.0,False,2.091,False,False,2.2719999999999994
266f9fdd337280e42045f2993b8d6c67,2,SQ,1,14,SQ_1_14,150.0,True,4.558,True,False,1.6479999999999997
fd2138ccf927c8b394735d0d54f68d3c,2,SQ,1,43,SQ_1_43,100.0,False,2.89,False,True,5.902999999999999
2dbab163ccde5aa9a01b8a7fefb882ce,2,SQ,1,28,SQ_1_28,150.0,True,1.663,True,True,5.115
7194877ffd953d8ac1d68b3d9be9ddff,2,SQ,1,29,SQ_1_29,50.0,True,2.309,False,True,4.829
b5a226436596717a16f2fbd0620b86ea,2,SQ,1,33,SQ_1_33,100.0,False,2.96,False,True,18.765
7c28fb067608d4520f49a1144b4779ce,2,SQ,1,13,SQ_1_13,100.0,False,1.63,False,True,9.767
0eaf732448df6066d7a8b3ad7c370b46,2,SQ,1,19,SQ_1_19,100.0,False,3.413,False,True,4.945
5ae59d53e7cbc0258d2d914d09cf682e,2,SQ,1,22,SQ_1_22,150.0,True,5.401,True,True,6.946
6200ccd1152cc5177a4e95276eb65695,2,SQ,1,24,SQ_1_24,50.0,True,2.289,False,True,6.548
c976157f0cbd37814152e6ab8368e712,2,SQ,1,33,SQ_1_33,100.0,False,18.765,False,False,2.960000000000001
f2c8c225cf77637f0420e3e04d8710e3,2,SQ,1,28,SQ_1_28,150.0,True,5.115,True,False,1.6630000000000003
0e59e53bc213c3fc9d7fd4e231a79db9,2,SQ,1,35,SQ_1_35,150.0,True,6.142,True,False,36.62
9fc55dbc330ab8e47652888015030f59,2,SQ,1,23,SQ_1_23,50.0,True,1.052,False,True,4.382
d922d58e99830b3da303a97e16662a95,2,SQ,1,29,SQ_1_29,200.0,False,4.829,True,False,2.309
9096005335b9fe43fbd9f8b7b2eb3a34,2,SQ,1,24,SQ_1_24,200.0,False,6.548,True,False,2.2889999999999997
808cac305ddc3e7926392c9c481a0159,2,SQ,1,16,SQ_1_16,150.0,True,17.414,True,False,3.1449999999999996
54dd4f409c9b60e8beca140117956460,2,SQ,1,41,SQ_1_41,150.0,True,3.561,True,False,35.09
009a29531b74e760a90256a6848621e9,2,SQ,1,47,SQ_1_47,150.0,True,2.385,True,True,10.283
7208c94cd3d3d16c53c1ea67cb5a481e,2,SQ,1,17,SQ_1_17,200.0,False,2.284,True,False,1.3769999999999998
5e32ce3032658f5a4cc2f0f5e81e5fc8,2,SQ,1,19,SQ_1_19,100.0,False,4.945,False,False,3.4130000000000003
ad6214c2b0ac52de8e6afb9f0e7010ff,2,SQ,1,26,SQ_1_26,100.0,False,10.904,False,True,3.9749999999999996
2121e79384ad0acee22764ebe23e7aae,2,SQ,1,27,SQ_1_27,100.0,False,2.272,False,True,2.0909999999999997
ae49216ad31fc621a19ee3095f20c343,2,SQ,1,35,SQ_1_35,150.0,True,36.62,True,True,6.142000000000003
9a10a34957c0ef38090c5a45767bbca8,2,SQ,1,42,SQ_1_42,100.0,False,3.79,False,True,6.202000000000001
b82f6b53c1dcb76c231cbae2856c1283,2,SQ,1,40,SQ_1_40,150.0,True,4.612,True,False,4.950000000000001
82dc7de7713245274385492b9d9a6c59,2,SQ,1,26,SQ_1_26,100.0,False,3.975,False,False,10.904
106f7b04690516a5b664677503db34df,2,SQ,1,30,SQ_1_30,150.0,True,1.623,True,True,4.154
e8cddd3b2ea80d08f94cacc9646c9485,2,SQ,1,31,SQ_1_31,200.0,False,4.687,True,False,3.205
c78cc5bd77aaa80cc188b898d900a189,2,SQ,1,31,SQ_1_31,50.0,True,3.205,False,True,4.687
b008f21867c9fee5fef6217cd6091433,2,SQ,1,30,SQ_1_30,150.0,True,4.154,True,False,1.6230000000000002
ec6fa70b62909c4783b2c50fb02de210,2,SQ,1,43,SQ_1_43,100.0,False,5.903,False,False,2.8899999999999997
54bb0ca3e94191f9c6f9e49223b66521,2,SQ,1,37,SQ_1_37,100.0,False,2.198,False,True,6.775
aeb4969f8ade06484d6a6491ec4e89a9,2,SQ,1,38,SQ_1_38,200.0,False,12.159,True,False,2.3409999999999993
8d3c909a8863046ac5c83bb467301918,2,SQ,1,49,SQ_1_49,200.0,False,1.578,True,True,1.4310000000000003
89e3a38e831e2d17a28f0ff71e4bb8bf,2,SQ,1,40,SQ_1_40,150.0,True,4.95,True,True,4.612000000000001
0de73cd213a338aebc56ad83067d9fcb,2,SQ,1,32,SQ_1_32,150.0,True,5.216,True,False,3.6030000000000006
687088f738270250e146506b6d16bf6f,2,SQ,1,42,SQ_1_42,100.0,False,6.202,False,False,3.790000000000001
2519a2055030be4abcb5b65c1d4e2cce,2,SQ,1,49,SQ_1_49,50.0,True,1.431,False,False,1.5780000000000003
0190ca261a8f1511bbdbbeb963144827,2,SQ,1,47,SQ_1_47,150.0,True,10.283,True,False,2.385
35214610b3b8bc897999b26bd3643248,2,SQ,1,45,SQ_1_45,150.0,True,3.749,True,True,8.008
daaa32fa4ceebc35cfcbbb75d8e5ff81,2,SQ,2,14,SQ_2_14,100.0,False,3.298,False,False,4.757
d6eb451ef309c69b1921f72f16a5a6fa,2,SQ,2,4,SQ_2_4,200.0,False,2.91,True,False,1.004
7c18ffa7f05ce62f9c168d372b80ee24,2,SQ,2,8,SQ_2_8,100.0,False,1.88,False,True,4.636
118ba244989582c797d99da731849371,2,SQ,2,11,SQ_2_11,150.0,True,1.188,True,True,4.485
3ff3eeb6edadf5d1c7047fad7f9918c6,2,SQ,2,7,SQ_2_7,100.0,False,17.328,False,True,3.600999999999999
8ddcfe9d04725ee39d61a05edc618355,2,SQ,2,12,SQ_2_12,100.0,False,2.163,False,True,5.846
37e086240060bb4b67f43863f8451a36,2,SQ,2,9,SQ_2_9,150.0,True,4.485,True,False,12.058
6de6c309d100aaea8cb28e2fa107725a,2,SQ,2,5,SQ_2_5,100.0,False,10.213,False,False,8.832000000000003
9607c1a41fd45357f38bf92b2372384c,2,SQ,2,18,SQ_2_18,150.0,True,19.767,True,False,5.486000000000001
a13614380dbc2ba1690305c843af6eb4,2,SQ,2,26,SQ_2_26,150.0,True,2.559,True,False,1.6610000000000005
89d5e6d9ae9c23ece066f65eb4f2bd7e,2,SQ,2,20,SQ_2_20,150.0,True,2.857,True,True,6.807999999999999
96e270b3e44d2a059fe276365fa66682,2,SQ,2,7,SQ_2_7,100.0,False,3.601,False,False,17.328
3622291b5211cfa4cf3d609c68e39b7b,2,SQ,2,4,SQ_2_4,50.0,True,1.004,False,True,2.91
97d2e2b6837dda9e0b0582d86eab40fc,2,SQ,2,24,SQ_2_24,150.0,True,5.993,True,True,5.712
cf156eab193ed9a426345bb63f2e6894,2,SQ,2,18,SQ_2_18,150.0,True,5.486,True,True,19.767
76ef128e4b5a407d2d9962e961ae8698,2,SQ,2,3,SQ_2_3,100.0,False,3.093,False,False,1.6710000000000003
b07b6cc9fb1f51c6f17ed600b5d709c6,2,SQ,2,6,SQ_2_6,150.0,True,2.111,True,True,3.608
9f5501be3b8a61bb4707368d34dd3717,2,SQ,2,12,SQ_2_12,100.0,False,5.846,False,False,2.1630000000000003
172f670c59d6ee72150573d1ee7b7ccb,2,SQ,2,2,SQ_2_2,200.0,False,2.076,True,False,3.8850000000000002
5eb6141da25eb7b0da2aa225687ffb7d,2,SQ,2,19,SQ_2_19,150.0,True,6.899,True,True,16.356
def0d40a101f587b98298b416c0595be,2,SQ,2,2,SQ_2_2,50.0,True,3.885,False,True,2.0760000000000005
e6a30a121dae9ab71334a42626e3a22d,2,SQ,2,13,SQ_2_13,150.0,True,3.355,True,True,7.074
157d35bc0943352deebca0a464324170,2,SQ,2,22,SQ_2_22,150.0,True,13.06,True,True,7.613999999999999
e08edcdcb3133f9d3726ab1fb1b348d7,2,SQ,2,5,SQ_2_5,100.0,False,8.832,False,True,10.213000000000001
06dea94110df0d3b8bbe44b6221afd73,2,SQ,2,10,SQ_2_10,150.0,True,13.813,True,False,3.1639999999999997
7425c1c5b9fa7252d1051a8a7ea8a20b,2,SQ,2,23,SQ_2_23,100.0,False,3.078,False,True,5.051
96e028ddee0de503031f0311287ce88a,2,SQ,2,8,SQ_2_8,100.0,False,4.636,False,False,1.88
e8cfefa9bd3c4ebffb03af4bb90c3a7a,2,SQ,2,17,SQ_2_17,150.0,True,2.386,True,True,5.409
e56cf998225efdf285eed1a62f200875,2,SQ,2,3,SQ_2_3,100.0,False,1.671,False,True,3.093
7d26cb647089352e88b314d9fb9ec2a6,2,SQ,2,17,SQ_2_17,150.0,True,5.409,True,False,2.386
99357c20ee90899dce4079f64e92c73a,2,SQ,2,20,SQ_2_20,150.0,True,6.808,True,False,2.8569999999999993
e8944ba58d5902e8266ba6e0c8c3c7eb,2,SQ,2,15,SQ_2_15,150.0,True,4.248,True,False,3.401
072d8e741dca31b5b664ffebcff7a392,2,SQ,2,13,SQ_2_13,150.0,True,7.074,True,False,3.3550000000000004
89c7c15a76d7864daa9811a73a78b6e5,2,SQ,2,16,SQ_2_16,150.0,True,4.169,True,False,1.5549999999999997
800146a281d2046479a85ca57c0b91d5,2,SQ,2,11,SQ_2_11,150.0,True,4.485,True,False,1.1879999999999997
0c75a54ebb53b107e9d9529421e65857,2,SQ,2,15,SQ_2_15,150.0,True,3.401,True,True,4.248
de34887202cf72dd1ae044cdaaf57e64,2,SQ,2,16,SQ_2_16,150.0,True,1.555,True,True,4.169
704ea9e9bdb4150dff12d338af3ed89d,2,SQ,2,27,SQ_2_27,200.0,False,3.147,True,False,1.0189999999999997
0d6c2e7797f73fa265bda426818b1373,2,SQ,2,10,SQ_2_10,150.0,True,3.164,True,True,13.813
e005924aef96fd267d3225180257e59e,2,SQ,2,19,SQ_2_19,150.0,True,16.356,True,False,6.899000000000001
9a3aeda5eed02fc4a69785d09958fb57,2,SQ,2,21,SQ_2_21,150.0,True,2.929,True,False,0.9319999999999999
71f9a157e8ae92590dc5d0d7705dabaa,2,SQ,2,6,SQ_2_6,150.0,True,3.608,True,False,2.111
298aba140083fb8f45acf56f050c0d39,2,SQ,2,22,SQ_2_22,150.0,True,7.614,True,False,13.059999999999999
c99f73a1179c81a89cc9de4bc15916cc,2,SQ,2,9,SQ_2_9,150.0,True,12.058,True,True,4.484999999999999
526ec1631bc79714be39719c62bbc883,2,SQ,2,25,SQ_2_25,100.0,False,6.003,False,False,1.1159999999999997
82913c17beff43716d9a84fba57f6ac3,2,SQ,2,24,SQ_2_24,150.0,True,5.712,True,False,5.993
35d37a1fe9efe8850139d75a8a97cc6a,2,SQ,2,14,SQ_2_14,100.0,False,4.757,False,True,3.298
c0d3ff2edb506dc4bf2eeeff9520356c,2,SQ,2,21,SQ_2_21,150.0,True,0.932,True,True,2.929
79243e92e0eee01a3f9d8f177ef7fc19,2,SQ,2,23,SQ_2_23,100.0,False,5.051,False,False,3.0779999999999994
ad5acfdf234be4e8ef5a774b2ce91d52,2,SQ,2,31,SQ_2_31,200.0,False,10.295,True,False,10.811000000000002
f32573bbfbfee9ff8a06552245accbb5,2,SQ,2,31,SQ_2_31,50.0,True,10.811,False,True,10.295000000000002
f766f9e32ba7c089b42c26bfd3f68d68,2,SQ,2,41,SQ_2_41,150.0,True,1.078,True,True,17.479
03f58060ed2100eb3b4a238be1753231,2,SQ,2,44,SQ_2_44,100.0,False,8.301,False,False,31.796
3c1472c7ecae6a8ead9e0bd92c6aa0ce,2,SQ,2,42,SQ_2_42,150.0,True,4.266,True,False,10.929
236535544e43af2f39be5676725553af,2,SQ,2,36,SQ_2_36,150.0,True,4.305,True,False,2.896
cbcbad97231ffdf9a69f6710411db945,2,SQ,2,32,SQ_2_32,150.0,True,1.542,True,True,9.002
9be1c60ec29dae74b343a4d2b2ecb02c,2,SQ,2,28,SQ_2_28,100.0,False,5.373,False,True,2.548
55e6793a55f184969a56c040248e1642,2,SQ,2,45,SQ_2_45,100.0,False,24.848,False,False,4.417000000000002
488062b15e7c83340eb3c9ab2eac428f,2,SQ,2,30,SQ_2_30,200.0,False,6.24,True,False,1.5809999999999995
7e0cfdec251334af7f95ccd7b7a7f3ba,2,SQ,2,44,SQ_2_44,100.0,False,31.796,False,True,8.301000000000002
2ba2691f1197ed1e4e19307df2d3b3fd,2,SQ,2,27,SQ_2_27,50.0,True,1.019,False,True,3.1469999999999994
7d4904ebd7cc0424332508d580b80acf,2,SQ,2,35,SQ_2_35,100.0,False,1.822,False,True,3.2540000000000004
fd1ab65636c83ab2c7b08116ef2dedde,2,SQ,2,45,SQ_2_45,100.0,False,4.417,False,True,24.848
ea7b36ab8940e4d4551169fee433ff43,2,SQ,2,34,SQ_2_34,150.0,True,7.844,True,False,2.2489999999999997
925aa0cd96ee5ef22a809c896aaeeb74,2,SQ,2,33,SQ_2_33,200.0,False,5.196,True,False,2.2249999999999996
20f330e5ef76c24af855229d75e5dd58,2,SQ,2,25,SQ_2_25,100.0,False,1.116,False,True,6.003
7193848d1f68f14989ed8a4c6aefd35e,2,SQ,2,32,SQ_2_32,150.0,True,9.002,True,False,1.5419999999999998
74d4ad21622f1c0c724dc42d5fb773cc,2,SQ,2,37,SQ_2_37,150.0,True,6.237,True,False,2.476000000000001
35d5e019fb5d020529e2b41ba0c4c091,2,SQ,2,29,SQ_2_29,150.0,True,32.023,True,False,4.673000000000002
d77954641ee1e92f7a19dec8f78d73ba,2,SQ,2,47,SQ_2_47,200.0,False,6.901,True,False,1.3149999999999995
27e97ce2ef73fa302de9169534909c96,2,SQ,2,47,SQ_2_47,50.0,True,1.315,False,True,6.901
a401aacf8fc3ea8a03f6ecbc14ca9a94,2,SQ,2,39,SQ_2_39,150.0,True,6.797,True,False,2.166999999999999
08f2ee158074f89d7f03de7c3fec26c3,2,SQ,2,33,SQ_2_33,50.0,True,2.225,False,True,5.196
0404490920ff27dea031dde2ad1a6923,2,SQ,2,39,SQ_2_39,150.0,True,2.167,True,True,6.796999999999999
e2b88bae03d5f92b4230e6e0710e11c0,2,SQ,2,46,SQ_2_46,100.0,False,2.216,False,True,3.6160000000000005
78caaafbc518315cec288b1ef1733800,2,SQ,2,36,SQ_2_36,150.0,True,2.896,True,True,4.305
0fa21b303225808d30454b4ec5e2e5bb,2,SQ,2,28,SQ_2_28,100.0,False,2.548,False,False,5.373
c56e2ddd9f97cc8c046422829a4e44f3,2,SQ,2,34,SQ_2_34,150.0,True,2.249,True,True,7.843999999999999
cd330071abe2d2b086d9067c5221ef8e,2,SQ,2,26,SQ_2_26,150.0,True,1.661,True,True,2.5590000000000006
88b100f489f560a45ec8d6b247c3b8f2,2,SQ,2,29,SQ_2_29,150.0,True,4.673,True,True,32.023
bc0d11d641951274dce4d58c35bf4642,2,SQ,2,43,SQ_2_43,50.0,True,16.279,False,False,3.1479999999999997
f3cce46417934a2c6facb2e38c777654,2,SQ,2,37,SQ_2_37,150.0,True,2.476,True,True,6.237000000000001
fc63cd36fad25b32bd14942df8438cde,2,SQ,2,38,SQ_2_38,150.0,True,4.489,True,False,9.794
009fefe487c8de5f79631d44a48d6639,2,SQ,2,43,SQ_2_43,200.0,False,3.148,True,True,16.279
99a960d57f657d20186f6210ee5d4c8c,2,SQ,2,35,SQ_2_35,100.0,False,3.254,False,False,1.8220000000000005
79d7aefdef2df90eada377762868f8b1,2,SQ,2,38,SQ_2_38,150.0,True,9.794,True,True,4.489000000000001
30e772f00bbe1661d1ae1002ff88dba1,2,SQ,2,30,SQ_2_30,50.0,True,1.581,False,True,6.24
e1a77c7f233b8de7e67e290927e1d3c2,2,SQ,2,48,SQ_2_48,150.0,True,2.651,True,True,10.954
d361f5ec41bba4470507e6e4a5da05c7,2,SQ,2,48,SQ_2_48,150.0,True,10.954,True,False,2.651
8b9e105b44a3c9460ef07a6ae17a03df,2,SQ,2,41,SQ_2_41,150.0,True,17.479,True,False,1.0779999999999994
d532551534d64558e8a9b9d8381a994f,2,SQ,2,42,SQ_2_42,150.0,True,10.929,True,True,4.266
64a81f855c480506c97ff801ceed0daa,2,SQ,2,46,SQ_2_46,100.0,False,3.616,False,False,2.2160000000000006
cedf215eb32fc90d85992c08cfc58943,2,SM,1,2,SM_1_2,50.0,True,5.885,False,False,2.5150000000000006
3b7aa9867f6ecf0c20d0ac3e42ff49ce,2,SM,1,2,SM_1_2,200.0,False,2.515,True,True,5.885
106694f3e30d716824b8fb66e38f942c,2,SM,1,4,SM_1_4,150.0,True,2.962,True,True,3.1729999999999996
2510c586c60a537a1796ddf8a733dd06,2,SM,1,20,SM_1_20,50.0,True,3.389,False,True,3.7309999999999994
d96af445f9f6d8716ab8476d3110111e,2,SM,1,3,SM_1_3,50.0,True,2.08,False,True,3.4109999999999996
da1b40f2711d87aff3f5eb3c937d2b07,2,SM,1,6,SM_1_6,100.0,False,1.87,False,True,25.147
5a29861f0bec4e71d38f31841b6f870a,2,SM,1,4,SM_1_4,150.0,True,3.173,True,False,2.9619999999999997
87ee76f187013b6a240ea643070061c2,2,SM,1,25,SM_1_25,150.0,True,3.26,True,False,2.407
0a9687f773def82fedc9ef6153c463a4,2,SM,1,6,SM_1_6,100.0,False,25.147,False,False,1.870000000000001
082f5dc00d61ba4f6e3fcedf9ed65a9d,2,SM,1,44,SM_1_44,200.0,False,6.344,True,True,10.886
2b3367b9ca5cbea5f137a42860ad4ad8,2,SM,1,9,SM_1_9,150.0,True,0.988,True,True,1.2890000000000001
1119daf24f53389e9282e255859cb6f7,2,SM,1,9,SM_1_9,150.0,True,1.289,True,False,0.9880000000000002
4160defb5eec1f7e14e3f00d448ff433,2,SM,1,8,SM_1_8,200.0,False,1.398,True,True,6.046
36ecbdd40d42fe0c43141db7c39572c9,2,SM,1,26,SM_1_26,150.0,True,1.25,True,False,0.8040000000000003
78710acc2924550582e69c289b829cc8,2,SM,1,8,SM_1_8,50.0,True,6.046,False,False,1.3979999999999997
1b887d466e8c0bf6547200c3c7b639df,2,SM,1,22,SM_1_22,50.0,True,4.987,False,False,2.26
8bfb574c40d3b021dc2c1102ef18d3fe,2,SM,1,16,SM_1_16,100.0,False,3.381,False,False,2.1350000000000002
3a8270e5d7ca218297302e03890d81b0,2,SM,1,21,SM_1_21,50.0,True,53.599,False,False,1.7479999999999976
ee4d446ba0b311c9bf2121cb5bf6da72,2,SM,1,43,SM_1_43,200.0,False,3.356,True,True,11.377
73ed943a582a2a8db5a030d24253b63f,2,SM,1,11,SM_1_11,50.0,True,1.724,False,True,9.956
74643bcb45a29bbcb0587633046271e5,2,SM,1,17,SM_1_17,50.0,True,6.191,False,True,7.275000000000001
36d6ce0d8e579779be2914652499152e,2,SM,1,3,SM_1_3,200.0,False,3.411,True,False,2.0799999999999996
597163c6e950cffdceb27ec6407beb33,2,SM,1,5,SM_1_5,50.0,True,1.715,False,False,1.4709999999999999
5412009a4a1c6d1c8e537ae56d71c8c1,2,SM,1,37,SM_1_37,50.0,True,1.722,False,True,2.3559999999999994
65f4f1034338702942d612584a9572e2,2,SM,1,18,SM_1_18,150.0,True,3.579,True,False,2.095
f3179a741c4972203c905c62a6417812,2,SM,1,7,SM_1_7,50.0,True,3.934,False,False,1.6630000000000003
f9027356dc5e5502aded3ec21187c50d,2,SM,1,12,SM_1_12,100.0,False,11.918,False,False,1.8030000000000008
f340e5a67d887f9b8cee00c8c3614044,2,SM,1,28,SM_1_28,150.0,True,6.036,True,False,1.2430000000000003
53ddfa0b61a47924b1d507545a1f9a5e,2,SM,1,18,SM_1_18,150.0,True,2.095,True,True,3.579
f8066db8edcdd1afb614831f990cec25,2,SM,1,14,SM_1_14,50.0,True,1.839,False,False,1.802
4e6a2a7c1317bb66ca277180e48ff651,2,SM,1,19,SM_1_19,200.0,False,1.421,True,False,1.003
ff93763bc90e50803430356b9d2887e5,2,SM,1,36,SM_1_36,50.0,True,2.996,False,True,3.3620000000000005
a4e69b0ebc5514b8f3cbfa9fd79edbab,2,SM,1,10,SM_1_10,100.0,False,4.371,False,False,1.5579999999999998
b840095ea793d1b3e43e98c088ec220d,2,SM,1,21,SM_1_21,200.0,False,1.748,True,True,53.599
8b5e7f33e3fe1ed52b46db1225294abc,2,SM,1,5,SM_1_5,200.0,False,1.471,True,True,1.7149999999999999
193d5cc0fa5ad44242da67029a9c87bd,2,SM,1,24,SM_1_24,150.0,True,4.935,True,False,2.1789999999999994
fc064368ca0695ace47ab7f630dba930,2,SM,1,10,SM_1_10,100.0,False,1.558,False,True,4.371
d14705df382621771fa23e11938b887e,2,SM,1,32,SM_1_32,200.0,False,6.093,True,False,2.5280000000000005
e3ffd9418b18f30d8d1c423a73a2f553,2,SM,1,30,SM_1_30,200.0,False,2.283,True,True,55.82
8350f8c7e6f700eecb3dc8e8c31f377d,2,SM,1,27,SM_1_27,100.0,False,2.55,False,False,2.069
de7fceefde4e2f8acc0be91559e37538,2,SM,1,16,SM_1_16,100.0,False,2.135,False,True,3.3810000000000002
2a553fc41039f327402cf7d59db1704f,2,SM,1,42,SM_1_42,200.0,False,3.157,True,True,4.614
623a69a73ed8d668ab4b7e49228054f1,2,SM,1,24,SM_1_24,150.0,True,2.179,True,True,4.934999999999999
65dcd3333a274e0141fb7f92083ae559,2,SM,1,25,SM_1_25,150.0,True,2.407,True,True,3.26
fffadd33986e7d8f996a49c441f9468c,2,SM,1,33,SM_1_33,50.0,True,3.764,False,True,10.407
3881afdd3dcaef103e72132000ffb1dc,2,SM,1,13,SM_1_13,100.0,False,5.417,False,False,2.9410000000000007
58920bb9cd58495018d819312bfb266a,2,SM,1,15,SM_1_15,50.0,True,1.267,False,True,6.521000000000001
549f8597873e5af00c8c4d0d96612248,2,SM,1,32,SM_1_32,50.0,True,2.528,False,True,6.093
c90ba353f69b51104bbb3bd7645e7254,2,SM,1,36,SM_1_36,200.0,False,3.362,True,False,2.9960000000000004
1700eb5c651b2e6468cd087595964109,2,SM,1,7,SM_1_7,200.0,False,1.663,True,True,3.934
d0709c0ec43b74fc9579a20909405ae4,2,SM,1,29,SM_1_29,150.0,True,2.218,True,True,50.35499999999999
acbd40c08f27fd2caf693c459fdf8504,2,SM,1,27,SM_1_27,100.0,False,2.069,False,True,2.55
dc5052b86b42298778b4e20246e60ac1,2,SM,1,15,SM_1_15,200.0,False,6.521,True,False,1.2670000000000003
dc777ebad9579ccdf073205a9497c205,2,SM,1,12,SM_1_12,100.0,False,1.803,False,True,11.918
26be51dc79064cf8aaabcfaf3d93201e,2,SM,1,13,SM_1_13,100.0,False,2.941,False,True,5.417000000000001
4d724632b3557c04d18efe7068738f77,2,SM,1,11,SM_1_11,200.0,False,9.956,True,False,1.7240000000000002
04f72ca0207c45297a2d588a5ce77370,2,SM,1,41,SM_1_41,150.0,True,1.333,True,True,16.062
e4208ca16dc9320e4f2520b09bbe326e,2,SM,1,19,SM_1_19,50.0,True,1.003,False,True,1.421
2343b85fccd837a8c2852687e3befd79,2,SM,1,40,SM_1_40,150.0,True,7.764,True,False,3.63
c549d05f04d440146949483e5b79a02f,2,SM,1,17,SM_1_17,200.0,False,7.275,True,False,6.191000000000001
ea9e042e690935b932c7cf731d54f72f,2,SM,1,23,SM_1_23,50.0,True,2.171,False,False,1.8009999999999997
8d7b33eaf064f32313007533088663f4,2,SM,1,14,SM_1_14,200.0,False,1.802,True,True,1.839
c77e26534cebcdd263319fd68d7af5e1,2,SM,1,46,SM_1_46,50.0,True,17.357,False,False,3.8689999999999998
a9576bdb4c7e1efb7bfd75755ca70e41,2,SM,1,47,SM_1_47,200.0,False,2.903,True,False,2.5049999999999994
029d2fa4593015e2ab9696ceafb939e1,2,SM,1,22,SM_1_22,200.0,False,2.26,True,True,4.987
c00a426a38433a8a1e5e91be3fbe1f98,2,SM,1,31,SM_1_31,150.0,True,48.751,True,False,2.2040000000000006
a565a9630bd3ba380485567ac222dfee,2,SM,1,31,SM_1_31,150.0,True,2.204,True,True,48.751
30684814a25ca8b339e7bb7278948174,2,SM,1,29,SM_1_29,150.0,True,50.355,True,False,2.2179999999999964
a5d074c415f1d0927ff9813918bdf565,2,SM,1,41,SM_1_41,150.0,True,16.062,True,False,1.3329999999999984
17bb58144842f01e71154c9e35482379,2,SM,1,28,SM_1_28,150.0,True,1.243,True,True,6.036
112dab4d944a6591220c24b2cadf41ed,2,SM,1,23,SM_1_23,200.0,False,1.801,True,True,2.1709999999999994
8919659fff9a9397763b240835a2d346,2,SM,1,20,SM_1_20,200.0,False,3.731,True,False,3.3889999999999993
98b517080c11ff54544e942b5536c5d3,2,SM,1,26,SM_1_26,150.0,True,0.804,True,True,1.2500000000000002
944f6e851039abce44bd6b522febc018,2,SM,1,39,SM_1_39,200.0,False,4.904,True,True,5.138999999999999
a99d71d8df699d46e7bd267a0cf0b797,2,SM,1,35,SM_1_35,150.0,True,2.422,True,False,1.258
e599fe79670f559fd476e76d44d892e0,2,SM,1,43,SM_1_43,50.0,True,11.377,False,False,3.356
da90ec1c4ee4d04dba723103224dbbe4,2,SM,1,34,SM_1_34,150.0,True,1.043,True,True,5.186
6859393dd9b846684c2f7b036bf8c171,2,SM,1,30,SM_1_30,50.0,True,55.82,False,False,2.2830000000000013
d91654451f2f9476aaf4596d4b540ac3,2,SM,1,34,SM_1_34,150.0,True,5.186,True,False,1.0430000000000001
4a7f61fb501acd93b100bc3894bf0d05,2,SM,1,38,SM_1_38,200.0,False,1.975,True,True,8.832
b9dff809c474f78ecbe833a357d1d8e3,2,SM,1,33,SM_1_33,200.0,False,10.407,True,False,3.7639999999999993
357c436d912cba41d9a5eda142c45fec,2,SM,1,47,SM_1_47,50.0,True,2.505,False,True,2.9029999999999996
e9fa97a65d9132154a59a69b81e30769,2,SM,1,35,SM_1_35,150.0,True,1.258,True,True,2.422
3e874cd57d193310fb6fbb9a969d8c5b,2,SM,1,46,SM_1_46,200.0,False,3.869,True,True,17.357
bb303a85223fc32db2dab697c1d11dac,2,SM,1,40,SM_1_40,150.0,True,3.63,True,True,7.764
23b18d8edc45ee1d04e0c0262c19070c,2,SM,1,39,SM_1_39,50.0,True,5.139,False,False,4.903999999999999
2d8d568bb96b2385098f54dc245898bc,2,SM,1,38,SM_1_38,50.0,True,8.832,False,False,1.9749999999999996
1b72612b5dbab4bdb79818c8e1c00389,2,SM,1,37,SM_1_37,200.0,False,2.356,True,False,1.7219999999999995
8b6165918075498ec8b9ab2542b96632,2,SM,1,44,SM_1_44,50.0,True,10.886,False,False,6.344000000000001
fefe075f4ea0c1010fa9835df723b719,2,SM,1,42,SM_1_42,50.0,True,4.614,False,False,3.157
ac0f3274317ca574c12b1f7a67e4b010,2,SM,1,49,SM_1_49,50.0,True,0.952,False,True,1.3170000000000002
d04ce8c637d4a361501b47d9f372e988,2,SM,1,49,SM_1_49,200.0,False,1.317,True,False,0.9520000000000002
2b01f71632420c15051c7acd19a7b9ee,2,SM,2,2,SM_2_2,150.0,True,1.202,True,False,0.782
84ddc1a0bf788694a033cad36fd36a0a,2,SM,2,4,SM_2_4,200.0,False,2.052,True,True,7.66
bc31b8935a7446429543ecb31e764f1e,2,SM,2,18,SM_2_18,50.0,True,13.299,False,True,20.594
7e8a73175a6e2f3332913a097ffefa1b,2,SM,2,2,SM_2_2,150.0,True,0.782,True,True,1.202
06fe388544acca8e2e81bf8031c514d4,2,SM,2,7,SM_2_7,100.0,False,25.117,False,False,3.2119999999999997
b9a83abb8508ee52fbe778e8346862cb,2,SM,2,17,SM_2_17,150.0,True,1.709,True,False,1.3850000000000002
956405bf1a960d54c3d791bee6eacc86,2,SM,2,20,SM_2_20,150.0,True,1.845,True,True,1.9910000000000003
6144bdaca3b7293cfff5c80a479e290e,2,SM,2,4,SM_2_4,50.0,True,7.66,False,False,2.0519999999999996
81d6509e0249c874b22b87c9c345d8ea,2,SM,2,15,SM_2_15,100.0,False,3.659,False,False,1.6520000000000001
1fd9289364bff087b5896208eee72cd7,2,SM,2,5,SM_2_5,150.0,True,1.327,True,False,1.23
1b5a68963f45954ccb71df21c103116e,2,SM,2,3,SM_2_3,150.0,True,1.344,True,True,1.7749999999999997
1307b1ec068c72a7ea701808cca0fed3,2,SM,2,7,SM_2_7,100.0,False,3.212,False,True,25.117
dba31611b402d5bd67f7b13f65fad744,2,SM,2,6,SM_2_6,50.0,True,1.389,False,True,5.141
6742f98f41a6e3f146967c2ee5524698,2,SM,2,15,SM_2_15,100.0,False,1.652,False,True,3.659
6cbe684016f558b0f215018876e409f1,2,SM,2,18,SM_2_18,200.0,False,20.594,True,False,13.299
70e7e9d38300b305ec5d7b8ed5d38d24,2,SM,2,10,SM_2_10,50.0,True,4.29,False,True,8.261
0ed976f38a3df9d0be839b01d96aa0b4,2,SM,2,14,SM_2_14,200.0,False,20.892,True,False,4.818999999999999
cb4ecb6b85a61d56e6be7699441f5b0c,2,SM,2,12,SM_2_12,50.0,True,56.535,False,False,23.385000000000005
5d24414d023bdfba1ac9521ce2b3f4bd,2,SM,2,22,SM_2_22,50.0,True,1.818,False,False,1.182
f22d2d1dd49900d0545691f8cfedb8db,2,SM,2,11,SM_2_11,200.0,False,58.396,True,False,1.6799999999999997
096934b259bb49007a99a13635a07832,2,SM,2,17,SM_2_17,150.0,True,1.385,True,True,1.7090000000000003
db1ce4ae856ae448f6030e87295dd2fa,2,SM,2,9,SM_2_9,100.0,False,12.44,False,False,1.9100000000000001
f77981a8601c6d7a68e2c050c179c392,2,SM,2,10,SM_2_10,200.0,False,8.261,True,False,4.289999999999999
25595bb91f1cf19b941001b27f43c7da,2,SM,2,5,SM_2_5,150.0,True,1.23,True,True,1.327
160d669f2e165a68899b0939212167a0,2,SM,2,9,SM_2_9,100.0,False,1.91,False,True,12.44
5233deac7297291ad1a214d3b1f6d53b,2,SM,2,3,SM_2_3,150.0,True,1.775,True,False,1.3439999999999999
c325fa6b8fb05e4bde831cc1db33e435,2,SM,2,13,SM_2_13,50.0,True,10.694,False,True,17.799999999999997
74bb56e08051c30190e2497b40bf392f,2,SM,2,12,SM_2_12,200.0,False,23.385,True,True,56.535
111bebe9c64671ef5137bc4217585a9a,2,SM,2,8,SM_2_8,50.0,True,4.839,False,True,16.621000000000002
1e321c44cbbe35a480c9860eb4f42dfa,2,SM,2,19,SM_2_19,100.0,False,15.569,False,False,3.8789999999999996
eb022b0c1e637be11a547db1541a0a9f,2,SM,2,6,SM_2_6,200.0,False,5.141,True,False,1.3890000000000002
35f5d88ce41d936bf591f07402c38981,2,SM,2,13,SM_2_13,200.0,False,17.8,True,False,10.693999999999999
eaa69032fcfb3c8647f8816d93cf4c29,2,SM,2,38,SM_2_38,200.0,False,2.197,True,True,56.686
4861ed8abe681e0e54462bcead83e023,2,SM,2,27,SM_2_27,150.0,True,2.156,True,False,1.1140000000000003
7ee88498c670ec47c2e7e68b1dc42490,2,SM,2,8,SM_2_8,200.0,False,16.621,True,False,4.839000000000002
f99f477ae4e3b1d16089bc274fd01167,2,SM,2,11,SM_2_11,50.0,True,1.68,False,True,58.396
b4e15b939925975af1f1abcfec36005c,2,SM,2,24,SM_2_24,200.0,False,1.545,True,True,3.303
2071feafdf50c3cb4b957b082245a435,2,SM,2,36,SM_2_36,150.0,True,6.511,True,False,4.089999999999999
597653c8145cc589dd80d3488c1da9ba,2,SM,2,14,SM_2_14,50.0,True,4.819,False,True,20.892
e201779efed9fe2418b874057079d1c6,2,SM,2,21,SM_2_21,150.0,True,9.892,True,True,10.050999999999998
16e19ead46ed12d15f4b8b222311220e,2,SM,2,19,SM_2_19,100.0,False,3.879,False,True,15.569
cb38ba4d6cbeb997c30d8c30ceabc239,2,SM,2,48,SM_2_48,100.0,False,3.894,False,True,6.657
d5817bbafffc2e68cdba6ce83c1bbbd3,2,SM,2,35,SM_2_35,100.0,False,12.129,False,True,12.397
c9ab1b8fdb1864aa887ec7aaf8e1f5a7,2,SM,2,16,SM_2_16,100.0,False,18.764,False,False,2.1679999999999993
7fde60382b4e02f4cb17a5dd44909253,2,SM,2,21,SM_2_21,150.0,True,10.051,True,False,9.891999999999998
cdc42b6bc9b8801c2a64cceb4893a46f,2,SM,2,16,SM_2_16,100.0,False,2.168,False,True,18.764
cad032fb67c47e92c630294887b2634b,2,SM,2,49,SM_2_49,50.0,True,9.506,False,False,5.719999999999999
7c9fb3a432a4b0176a08d48eb95584f9,2,SM,2,20,SM_2_20,150.0,True,1.991,True,False,1.8450000000000002
30033517276d0f97a603ee9eecab95a6,2,SM,2,34,SM_2_34,200.0,False,3.29,True,True,50.15
ad27c6d5775d6f18d91272c54056bd78,2,SM,2,42,SM_2_42,200.0,False,2.336,True,False,1.7959999999999998
85012c8f7750b66b5da2ebcb6067de98,2,SM,2,31,SM_2_31,150.0,True,4.265,True,True,10.844999999999999
a8a79d5d87e7d8f1c907b14324d1c1f8,2,SM,2,26,SM_2_26,200.0,False,2.48,True,True,23.629
4412166b8bba3a6ae8ec7cbc70a40d05,2,SM,2,33,SM_2_33,150.0,True,1.469,True,True,3.4459999999999997
cd6de34036a081055f421cbb9e07b33f,2,SM,2,30,SM_2_30,150.0,True,10.477,True,False,3.5359999999999996
f8b36790dbb95ee4679f8475c8084e31,2,SM,2,39,SM_2_39,150.0,True,4.058,True,True,5.042999999999999
daf3b5bf7ec721c51bc46bc8f098868b,2,SM,2,25,SM_2_25,150.0,True,0.9,True,True,3.993
abc141a730809811bcc8af9f736384bb,2,SM,2,22,SM_2_22,200.0,False,1.182,True,True,1.818
ce48bea70e8e62b099d2653ebf57e9da,2,SM,2,32,SM_2_32,150.0,True,8.656,True,False,6.52
c6c18a2f530d2ea7c940ed6a6173f296,2,SM,2,29,SM_2_29,50.0,True,1.037,False,True,2.258
babb8300d52b6048fd3d6f000159844e,2,SM,2,29,SM_2_29,200.0,False,2.258,True,False,1.037
b8ddf0130398f61994c1154b9176a01e,2,SM,2,34,SM_2_34,50.0,True,50.15,False,False,3.289999999999999
cfd2b9d8a8e2537082196125d4479abc,2,SM,2,33,SM_2_33,150.0,True,3.446,True,False,1.4689999999999999
93c0dbd97745d4c82103292fa6f4eac6,2,SM,2,27,SM_2_27,150.0,True,1.114,True,True,2.1560000000000006
b73df1d68f1e97e682d89b1cf68de4c9,2,SM,2,40,SM_2_40,200.0,False,8.734,True,False,4.468
aa00b7f0f8068b3379bae594c384f712,2,SM,2,32,SM_2_32,150.0,True,6.52,True,True,8.656
72593309ebd9352c40737fda334557c6,2,SM,2,26,SM_2_26,50.0,True,23.629,False,False,2.4800000000000004
c585c81bc20e6956d3b427bf054757d1,2,SM,2,43,SM_2_43,200.0,False,2.204,True,True,4.218
0fc2d8227fe31527fb265748e5a09e13,2,SM,2,31,SM_2_31,150.0,True,10.845,True,False,4.264999999999999
55b4767dacd19f853feb56777fda3580,2,SM,2,47,SM_2_47,100.0,False,5.108,False,False,2.1480000000000006
7a3f4e43c4a3ea932c6d1636331795a2,2,SM,2,39,SM_2_39,150.0,True,5.043,True,False,4.057999999999999
172f77d3c9e9abd5a422a9812479d7f1,2,SM,2,23,SM_2_23,150.0,True,1.591,True,True,2.854
271f0ab41a2604d4df02e96d2fed40e8,2,SM,2,24,SM_2_24,50.0,True,3.303,False,False,1.545
a0d6d27313c94d21b40f3d1deb63e83c,2,SM,2,36,SM_2_36,150.0,True,4.09,True,True,6.510999999999999
0b0525631303f71c935d5fe3e8bb82cf,2,SM,2,23,SM_2_23,150.0,True,2.854,True,False,1.5910000000000002
3203dfa1d6e052636ca9199e1d81df0f,2,SM,2,44,SM_2_44,200.0,False,2.855,True,True,6.696
5913d8d9d0d5167d5a4cbc6002cee7e1,2,SM,2,47,SM_2_47,100.0,False,2.148,False,True,5.1080000000000005
1d85d07aff031784e0d7e85b56d05935,2,SM,2,41,SM_2_41,50.0,True,7.127,False,True,63.291999999999994
cc8774b69552ce9cb7e7f78b3bacf30b,2,SM,2,45,SM_2_45,100.0,False,2.072,False,True,6.028
d4ec1f45061d622e6d6d5137e84bae9b,2,SM,2,37,SM_2_37,200.0,False,2.015,True,False,1.3370000000000002
03d16edbb43283badec4fc055854f45e,2,SM,2,41,SM_2_41,200.0,False,63.292,True,False,7.126999999999995
fb17bc396dc8d6e417311904c080d560,2,SM,2,25,SM_2_25,150.0,True,3.993,True,False,0.8999999999999999
573b9b54ea90acb31c8d49a68a636c4d,2,SM,2,45,SM_2_45,100.0,False,6.028,False,False,2.072
53f3a84e0dfdb1fba92ba270d5de185a,2,SM,2,28,SM_2_28,200.0,False,24.782,True,False,5.503
74a8062fc87b42a72970197b38ef850c,2,SM,2,42,SM_2_42,50.0,True,1.796,False,True,2.3359999999999994
7ae024e79b0601e0344ca6a248c17925,2,SM,2,30,SM_2_30,150.0,True,3.536,True,True,10.477
a942f26af5087898601d0bba6305b9f4,2,SM,2,35,SM_2_35,100.0,False,12.397,False,False,12.129
bf9e2c4aac096be7e309d3e28a03838f,2,SM,2,44,SM_2_44,50.0,True,6.696,False,False,2.8550000000000004
481b536b38ca6e594528382c99a694e4,2,SM,2,40,SM_2_40,50.0,True,4.468,False,True,8.734
832d4bfcd908fe6f57bcc01ba1b50656,2,SM,2,28,SM_2_28,50.0,True,5.503,False,True,24.782
46096f8cc2d0f97a9190561cdf0bcf94,2,SM,2,43,SM_2_43,50.0,True,4.218,False,False,2.2040000000000006
522662a04a98ea74693d347608fe1701,2,SM,2,37,SM_2_37,50.0,True,1.337,False,True,2.0150000000000006
469a578197e4f21619217bc9b29e5182,2,SM,2,48,SM_2_48,100.0,False,6.657,False,False,3.894
d6eed6e9cd833b24509c4164f04049c0,2,SM,2,38,SM_2_38,50.0,True,56.686,False,False,2.1970000000000027
e8556c3b672ebfa61fac9afae9c19cbd,2,SM,2,49,SM_2_49,200.0,False,5.72,True,True,9.506
c7cf22cdbdc275f14dba98507e1a06c4,2,SM,2,46,SM_2_46,150.0,True,42.822,True,False,1.2689999999999984
646c342dcbc1156f7efdcdbfc80edb2d,2,SM,2,46,SM_2_46,150.0,True,1.269,True,True,42.822
